agent_id,step,attitude_change,source_type,content,importance
0,1,-2,policy,"The interplay between hospital capacity and infection rates highlights the need for localized, dynamic public health strategies. While manageable patient loads suggest progress, rising infections and school closures indicate that precautions must remain flexible to prevent overwhelming systems, even if overall severity declines. This underscores the importance of balancing caution with adaptability in policy-making. (",0.8
0,2,3,disease risk,"The demand for transparency in vaccine approval highlights the tension between public health urgency and the need for clear, accessible information. Even with high efficacy rates, skepticism persists without open dialogue about risks and decision-making processes, suggesting that trust is built not just by outcomes but by the perceived integrity of the system. (",0.8
0,6,-1,disease risk,"The tension between economic recovery and public health risks underscores the need for nuanced policies that balance reopening with targeted safeguards. While businesses resume normal operations, surging cases in some regions highlight the danger of complacency, suggesting that phased, conditional reopenings aligned with local metrics are critical to avoid overwhelming healthcare systems. (",0.8
0,8,1,disease risk,"The use of financial incentives, like the $50 cash card, highlights the tension between encouraging vaccination and respecting individual autonomy. While such measures may boost participation, they risk framing public health as a transactional exchange rather than a collective responsibility, potentially undermining trust among communities that prioritize ethical or religious motivations for health decisions. (",0.8
0,9,-1,unknown,"The demand for transparency in vaccine approval highlights the need to align public health messaging with ethical accountability, ensuring that trust is built through openness rather than coercion, especially in communities where religious or moral convictions shape health decisions. (",0.8
0,10,-2,unknown,"The use of financial incentives like the $50 cash card may inadvertently prioritize efficiency over ethical engagement, potentially alienating communities that view health decisions through moral or spiritual lenses, emphasizing the need for policies that align with diverse value systems rather than transactional appeals. (",0.8
0,11,2,policy,"The interplay between economic recovery and public health mandates highlights the need for policies that adapt to shifting risk levels, ensuring that incentives like cash cards remain contextually relevant and do not overshadow the ethical or spiritual values of communities prioritizing collective well-being over transactional rewards. (",0.8
0,12,1,policy,"The tension between economic recovery and public health mandates reveals the need for policies that dynamically balance short-term incentives with long-term ethical considerations, ensuring that financial rewards like cash cards do not erode trust in community-driven health initiatives, especially when risk levels fluctuate. (",0.8
0,13,-1,disease risk,"The demand for transparency in vaccine approval underscores that public trust hinges on perceived integrity, not just outcomes—without clear, accessible information, even well-intentioned incentives like cash cards risk being seen as manipulative rather than collaborative, especially in communities valuing ethical accountability. (",0.8
0,14,1,unknown,"The reliance on short-term incentives like cash cards for vaccination underscores the need to align public health strategies with community values, such as communal responsibility and ethical integrity, to avoid perceptions of transactional motives that could conflict with spiritual or moral priorities. (",0.8
0,16,-1,disease risk,"When public health data conflicts (e.g., surging cases vs. low risk reports), policies must prioritize clear, real-time communication to align community perceptions with evolving realities, preventing confusion and ensuring trust in both the severity of the threat and the legitimacy of responses. (",0.8
0,17,1,unknown,"Public health policies must navigate the tension between immediate crisis responses (e.g., ICU capacity) and long-term trust-building, ensuring that measures remain transparent and aligned with evolving scientific and ethical landscapes. (",0.8
0,18,-1,unknown,"Financial incentives for vaccination, like the $50 cash card, can effectively accelerate uptake but must be paired with transparent communication about vaccine safety and efficacy to align with ethical and religious values, ensuring they are perceived as respectful rather than coercive. (",0.8
0,19,-1,unknown,"Financial incentives like the $50 cash card can be effective when paired with clear, data-driven messaging about real-world benefits (e.g., reduced transmission rates), reinforcing their value as tools for collective good rather than individual gain, while maintaining transparency to avoid perceptions of exploitation. (",0.8
1,2,-2,unknown,"The call for transparency in vaccine approval highlights the importance of clear communication from authorities to build public trust, especially for older adults who may be more vulnerable and cautious about new medical advancements. (",0.8
1,3,2,disease risk,"The high vaccine effectiveness in preventing severe illness underscores that while individual protection is strong, community transmission remains a threat, especially as new variants emerge. This reinforces the need to stay cautious and follow evolving public health guidelines, even when personal risk seems low. (",0.8
1,5,-1,social media,"The tweets reinforce that even with high vaccination rates, layered public health measures like masking and testing are essential to safeguard healthcare systems and protect those who cannot rely on vaccines alone, such as the immunocompromised or elderly. This highlights the need for collective responsibility beyond individual choices. (",0.8
1,8,1,unknown,"The necessity of localized public health strategies that address specific regional outbreaks, even when overall trends show improvement, to prevent surges from overwhelming healthcare systems. This underscores the importance of tailoring responses to local conditions rather than relying on broad, one-size-fits-all policies. (",0.8
1,9,-1,policy,"The importance of transparent communication about evolving restrictions and vaccine safety cannot be overstated, as misinformation or fear can erode trust even when data supports necessary measures. Clear, empathetic messaging from trusted local leaders helps bridge the gap between scientific recommendations and community concerns, especially among older adults who may be skeptical of rapid policy changes. (",0.8
1,11,-1,unknown,"Financial incentives, such as the $50 cash card for vaccination, can effectively address vaccine hesitancy by providing tangible motivation, especially among older adults who may prioritize practical benefits over abstract health benefits. (",0.8
1,12,2,disease risk,"Transparency about vaccine side effects is crucial for building trust, especially when combined with empathetic communication from frontline workers. This aligns with my belief in transparency and compassion as a Christian, emphasizing that honest dialogue about risks fosters deeper community confidence. (",0.8
1,13,-1,disease risk,"The surge in cases highlights the need for clear communication about the limitations of current vaccine data, such as long-term efficacy and variant resistance, to maintain public trust and encourage continued adherence to safety measures. Transparent dialogue about these uncertainties, paired with empathy, can prevent complacency and reinforce the importance of collective responsibility. (",0.8
1,14,1,disease risk,"The contrast between low-risk reports and regional surges underscores the importance of maintaining vigilance and public health measures, as complacency can quickly lead to renewed challenges, especially for vulnerable populations. (",0.8
1,15,-1,disease risk,"Even with mild side effects, public communication must acknowledge individual experiences to maintain trust, emphasizing that transparency about both benefits and risks is crucial. This aligns with the importance of honesty and compassion in fostering community resilience. (",0.8
1,17,-2,disease risk,"Even with low overall risk, policies must remain responsive to localized challenges, such as school closures due to surges, highlighting the need for flexible strategies that protect vulnerable groups without undermining broader public health progress. (",0.8
1,18,1,unknown,"The intersection of faith and public health can strengthen community trust when messages emphasize compassion and shared responsibility, as seen in the idea of vaccines as an act of Christian charity. This underscores the value of aligning scientific efforts with moral frameworks that resonate locally. (",0.8
1,19,2,news/research,"New research on vaccinated individuals’ lower transmission rates reinforces the value of transparent, data-driven communication in maintaining public trust, especially when addressing concerns about vaccine efficacy and evolving science. This underscores the need to balance scientific progress with humility in acknowledging uncertainties. (",0.8
2,3,-1,disease risk,"The coexistence of reported vaccine side effects and surging cases underscores the need for continuous, transparent monitoring of both safety and efficacy. Even with proven benefits, acknowledging and addressing emerging concerns helps maintain public trust and encourages adherence to vaccination programs. (",0.8
2,4,1,news/research,"The emphasis on long-term studies for new vaccines highlights the necessity of balancing immediate public health gains with cautious, ongoing research to address unknown risks, ensuring that trust is built on both proven safety and proactive transparency. (",0.8
2,5,1,policy,"The dynamic nature of disease risk underscores the importance of real-time, data-driven policy adjustments that prioritize local conditions over generalized guidelines, ensuring measures remain relevant as situations evolve. (",0.8
2,7,-3,news/research,"The challenge of balancing public health measures with educational continuity, as sudden shifts to remote learning underscore the need for adaptive policies that prioritize both community safety and students' long-term academic well-being. (",0.8
2,8,2,news/research,"The skepticism around long-term vaccine studies underscores the need for transparent communication about evolving scientific understanding, as public trust hinges on acknowledging uncertainties while reinforcing the safety of current measures. This is critical when disease risk remains high, ensuring communities feel informed rather than misled. (",0.8
2,9,1,disease risk,"The disparity in regional disease impact underscores the need for localized public health strategies that adapt to specific community conditions, ensuring resources and messaging align with local realities rather than relying on one-size-fits-all approaches. This helps prevent both complacency in low-risk areas and overwhelm in high-risk zones. (",0.8
2,12,-1,unknown,"The use of financial incentives like the $50 cash card for vaccination highlights the potential for economic motivation to drive public health compliance, but also raises concerns about superficial adherence to measures without deeper understanding or trust in the process. This underscores the need for policies that pair incentives with clear, culturally resonant education to ensure genuine engagement rather than transactional participation. (",0.8
2,13,-1,unknown,"The contrasting responses of schools and businesses to pandemic fluctuations highlight the need for targeted, adaptive public health strategies that address sector-specific vulnerabilities and priorities, such as ensuring educational continuity while balancing economic recovery. (",0.8
2,14,2,disease risk,"Calls for vaccine transparency underscore the importance of sustained, accessible communication to maintain trust, even when disease risk is low, to prevent complacency and ensure that scientific processes remain aligned with public understanding. (",0.8
2,15,-2,disease risk,"The uneven spread of COVID-19 underscores the need for region-specific public health measures that account for localized transmission rates and healthcare capacity, rather than a one-size-fits-all approach. This highlights the importance of adaptive policies that address both emerging surges and declining cases without neglecting vulnerable areas. (",0.8
2,16,1,disease risk,"The effectiveness of financial incentives, like the $50 cash card for vaccination, suggests that tangible rewards can motivate compliance even when public health risks are low, highlighting the importance of aligning economic and health goals to sustain community engagement. (",0.8
2,18,1,disease risk,"The need to balance transparency about vaccine side effects with clear communication of their overall safety and efficacy to maintain public trust, especially when disease risk is low. This ensures that concerns are addressed without undermining confidence in vaccination efforts. (",0.8
3,6,-1,unknown,"The $50 cash incentive for vaccination highlights the potential of financial incentives to boost uptake, but also raises concerns about equity if access to vaccines remains uneven. This underscores the need for policies that address systemic barriers, ensuring that economic motivators do not inadvertently widen disparities in healthcare access. (",0.8
3,8,-1,disease risk,"The emphasis on transparency in vaccine approval processes highlights the need for open dialogue with the public to sustain trust, particularly when disease risk remains high. Without clear, accessible information about how vaccines are evaluated and updated, skepticism may persist, undermining collective health efforts and eroding confidence in scientific institutions. (",0.8
3,9,2,disease risk,"The tension between economic recovery and public health safety requires nuanced policies that don’t compromise long-term health outcomes, as premature normalization risks undermining progress against high disease risk. Balancing business operations with sustained vigilance ensures communities aren’t caught off guard by resurgent threats. (",0.8
3,12,-1,unknown,"The demand for transparency in vaccine approval highlights the necessity of clear, accessible information to build public trust, especially in polarized environments. When scientific processes are perceived as opaque, skepticism grows, undermining compliance. This aligns with Buddhist values of wisdom and ethical clarity, suggesting that transparency is not just a procedural duty but a moral imperative to foster collective well-being. (",0.8
3,14,1,disease risk,"The tension between overall low-risk claims and localized outbreaks underscores the need for humility in public messaging. Even when statistics suggest safety, the persistence of localized spikes demands acknowledgment of uncertainty, aligning with Buddhist teachings on impermanence and the danger of overconfidence in fixed narratives. This calls for communication that balances data with ongoing vigilance, fostering a collective mindset attuned to shifting realities. (",0.8
3,15,-1,unknown,"The disparity between vaccine efficacy metrics and localized outbreak dynamics highlights the need to reconcile statistical optimism with grounded, community-specific responses. Even with 95% effectiveness, surges in certain areas demand adaptive strategies that prioritize local conditions over generalized assurances, reflecting the Buddhist principle of non-attachment to rigid outcomes and embracing fluid, context-sensitive action. (",0.8
3,16,1,disease risk,"The reliance on national statistics to ease restrictions risks overlooking localized vulnerabilities, such as school outbreaks, emphasizing the need for policies that balance macro-level data with micro-level adaptability. This aligns with Buddhist principles of contextual awareness, where rigid adherence to overarching narratives can neglect the dynamic realities of specific communities. (",0.8
3,17,-1,policy,"The use of financial incentives like cash cards for vaccination may inadvertently prioritize transactional compliance over intrinsic ethical motivation, suggesting a need to align public health strategies with values like compassion and community well-being, which are central to Buddhist teachings. This highlights the tension between utilitarian policy goals and the moral imperatives of voluntary, altruistic action. (",0.8
3,18,1,disease risk,"The use of financial incentives like cash cards for vaccination may inadvertently foster a transactional mindset that prioritizes personal gain over collective responsibility, especially when perceived risks are low. This could undermine the ethical and communal motivations emphasized in Buddhist teachings, which stress interconnectedness and selfless action. (",0.8
4,1,1,disease risk,"Even with mild vaccine side effects, the high disease risk underscores the importance of vaccination to protect both individual and community health, as severe cases remain a threat despite manageable hospital loads. (",0.8
4,4,-1,unknown,"The necessity of localized and sector-specific public health strategies, as seen in the sudden shift to remote learning in response to rising infections, highlights the importance of tailoring measures to specific community needs rather than relying on broad regional trends. (",0.8
4,5,1,unknown,"The interplay between vaccination efficacy and healthcare system strain underscores the need for adaptive policies that balance preventive measures with capacity management, as even vaccinated populations may require restrictions to avoid overwhelming critical care resources. (",0.8
4,6,-1,unknown,"The integration of transparency and compassion in public health messaging strengthens community trust, as seen in the alignment of vaccine efforts with ethical frameworks like Buddhist compassion, which emphasizes collective care and solidarity. This approach bridges scientific authority with cultural values, making health initiatives more relatable and actionable. (",0.8
4,7,1,unknown,"The use of financial incentives, like the $50 cash card for vaccination, can effectively motivate hesitant populations to participate in public health initiatives, but their success depends on aligning with community values and ensuring transparency to avoid perceptions of coercion. (",0.8
4,8,-1,disease risk,"The demand for transparency in vaccine approval processes highlights the importance of open communication to build public trust, especially when health risks remain high. Even with strong efficacy data, skepticism can persist without clear explanations of safety and regulatory rigor, making transparency a critical component of effective public health strategy. (",0.8
4,9,1,social media,"The emergence of new side effect reports underscores the necessity of continuous, accessible post-vaccination monitoring systems to address public concerns and maintain trust, even when scientific data supports vaccine safety. This highlights the importance of proactive engagement with communities to validate their experiences while reinforcing evidence-based reassurances. (",0.8
4,11,-1,unknown,"While short-term incentives like cash rewards may boost vaccination rates, they must be paired with clearer communication about long-term vaccine safety to address skepticism, especially in communities where trust in institutions is fragile. (",0.8
4,12,-1,disease risk,"Financial incentives like cash rewards for vaccination may attract participation, but they risk being perceived as transactional if not paired with culturally resonant messaging that aligns with community values, such as Islamic principles of collective well-being, to build deeper trust and long-term engagement. (",0.8
4,13,2,news/research,"The use of financial incentives like cash rewards for vaccination requires transparency about long-term vaccine safety to counter skepticism, especially when public concerns about new technologies persist, as seen in questions about the duration of vaccine studies. This ensures trust is maintained beyond immediate transactional appeal. (",0.8
4,14,-1,disease risk,"Financial incentives like cash rewards may struggle to sustain public engagement if perceived personal risk is low, highlighting the need to pair them with messaging that emphasizes collective responsibility and the ethical duty to protect vulnerable community members, aligning with Islamic values of *maslaha* even in times of reduced immediate threat. (",0.8
4,15,1,disease risk,"The effectiveness of financial incentives like cash rewards depends on the perceived risk level; in medium-risk scenarios, combining these incentives with narratives about long-term community welfare (*maslaha*) can mitigate complacency and reinforce the ethical duty to protect others, even as immediate threats appear to wane. (",0.8
4,16,-2,disease risk,"When public risk levels fluctuate, cash incentives alone may fail to sustain engagement if they don’t align with localized narratives about collective responsibility, especially in areas where immediate threats feel distant. This highlights the need to weave ethical appeals (like *maslaha*) into messaging that resonates with community-specific values and concerns. (",0.8
4,17,2,disease risk,"In low-risk scenarios, cash incentives alone may not sustain engagement unless paired with ethical framing that emphasizes the long-term welfare of vulnerable community members, aligning with Islamic principles of *maslaha* to counter complacency even when immediate threats seem distant. (",0.8
4,19,-1,unknown,"When public health incentives like cash rewards are introduced, they must be paired with clear, ongoing communication about vaccine safety and efficacy to address skepticism, especially in communities where trust in new technologies is low. This helps prevent complacency and ensures that ethical concerns—such as those around long-term health impacts—are acknowledged, aligning with Islamic principles of *maslaha* that prioritize informed, collective decision-making. (",0.8
5,1,-1,disease risk,"The critical strain on ICU capacity highlights the importance of proactive public health measures, like vaccination and adherence to safety protocols, to prevent healthcare systems from collapsing under surges in severe cases. This underscores the collective responsibility to protect vulnerable communities, especially in settings where service workers interact with diverse populations. (",0.8
5,2,2,unknown,"The contrast between manageable and overwhelmed healthcare systems highlights the need for adaptive, region-specific public health strategies that account for local conditions and resource distribution, ensuring equitable support for communities facing surges. (",0.8
5,8,-1,policy,"The importance of clear, consistent communication when implementing sudden policy changes (like school closures) to maintain public trust and prevent misinformation, especially when disease risk is high. This ensures that communities understand the rationale behind measures as data-driven, not arbitrary, which aligns with the need for transparency in vaccine communication. (",0.8
5,9,1,disease risk,"The importance of balancing economic recovery with public health messaging, ensuring that reopenings are paired with transparent communication about ongoing risks to prevent complacency and maintain trust in evolving safety measures. (",0.8
5,12,-1,disease risk,"The effectiveness of financial incentives like the $50 cash card may be limited if not accompanied by clear communication about ongoing risks, especially when disease risk remains medium. This highlights the need for dynamic messaging that aligns incentives with current public health conditions, ensuring individuals understand that vaccination is part of a broader, evolving strategy. (",0.8
5,16,1,disease risk,"When disease risk is low, public health incentives like cash cards must be paired with transparent communication about the rationale for temporary restrictions to avoid confusion and maintain trust. This ensures that individual actions align with community health goals without creating perceptions of inconsistency. (",0.8
5,17,-1,disease risk,"When disease risk is low, public incentives like cash cards must be paired with clear explanations of their role in sustaining long-term community health, as ambiguity could lead to skepticism about the necessity of vaccination efforts. (",0.8
5,19,1,disease risk,"When public health incentives like cash cards are introduced, they must be explicitly tied to the current disease risk level and community needs, ensuring the public understands how these measures contribute to broader health goals rather than appearing as isolated rewards. This aligns individual actions with collective responsibility, especially when risks remain non-zero despite declining cases. (",0.8
6,1,2,unknown,"The call for transparency in vaccine approval highlights the importance of public trust in scientific processes, especially during health crises. Even with proven efficacy, without clear communication, skepticism can hinder vaccination efforts. This underscores the need for open dialogue between authorities and communities to ensure informed decision-making. (",0.8
6,5,-1,news/research,"The need for continuous long-term research on new vaccines to address uncertainties about efficacy and safety over time, ensuring public trust and informed decision-making, especially as variants emerge and public health strategies evolve. (",0.8
6,7,1,unknown,"The importance of balancing statistical data on vaccine efficacy with transparent communication about potential side effects to maintain public trust and address individual concerns, ensuring that both scientific evidence and personal experiences are acknowledged. (",0.8
6,8,1,disease risk,"The need for dynamic, data-driven adjustments in public health policies to balance immediate risks with long-term societal impacts, ensuring that measures like school closures are both effective and minimally disruptive. (",0.8
6,9,-1,unknown,"The tension between addressing vaccine side effects and maintaining public confidence underscores the need for proactive, transparent dialogue that validates individual experiences while reinforcing the broader benefits of vaccination, ensuring trust isn't eroded by fear or misinformation. (",0.8
6,10,1,unknown,"The use of financial incentives, like the $50 cash card for vaccination, highlights the potential for pragmatic approaches to boost uptake, but also raises questions about whether such measures might inadvertently prioritize compliance over genuine public health education, emphasizing the need to balance tangible rewards with clear, values-based messaging about vaccine safety and community benefit. (",0.8
6,16,-1,disease risk,"When disease risk is low, financial incentives like cash cards must be paired with messaging that emphasizes community well-being over individual gain to prevent perceptions of vaccination as a transactional act. This approach helps sustain public trust while aligning with ethical frameworks that prioritize collective responsibility. (",0.8
6,17,1,disease risk,"When disease risk is low, public health campaigns must proactively address ethical concerns around financial incentives to avoid perceptions of exploitation, ensuring that trust is maintained through transparent and morally grounded messaging. This is critical to prevent skepticism about the motives behind health initiatives, even when benefits are tangible. (",0.8
7,3,-1,unknown,"The variability in regional outbreak severity underscores the need for adaptive, localized public health strategies that can swiftly respond to emerging hotspots while maintaining broader systemic resilience. (",0.8
7,4,1,unknown,"The coexistence of manageable and overwhelmed regions highlights the need for targeted, resource-driven interventions that address local disparities without compromising national health frameworks. Even with overall stability, localized surges demand flexible, equitable support to prevent systemic strain. (",0.8
7,6,1,unknown,"The contrasting responses of schools and businesses to pandemic dynamics reveal the need for sector-specific public health strategies that balance economic stability with safety, as one-size-fits-all policies may fail to address unique community vulnerabilities or operational realities. (",0.8
7,7,-1,unknown,"The interplay between vaccination efficacy and ICU capacity highlights the necessity of proactive, flexible public health measures that adapt to real-time healthcare demands, even as vaccination rates rise, ensuring that medical systems remain resilient against unforeseen surges. (",0.8
7,10,1,unknown,"The resurgence of remote learning amid rising infections underscores the need for adaptive public health strategies that prioritize flexibility, ensuring educational continuity while protecting vulnerable populations. This highlights the importance of balancing immediate safety measures with long-term societal needs, aligning with Buddhist principles of mindful responsiveness to changing circumstances. (",0.8
7,13,-1,disease risk,"The consideration of new restrictions despite medium disease risk underscores the ethical imperative to act preemptively based on data, reflecting the Buddhist value of mindful responsibility to prevent harm, even when immediate threats are not severe. (",0.8
7,14,1,policy,"The persistence of questions about long-term vaccine effects, despite high efficacy data, underscores the importance of balancing scientific confidence with humility. This reflects the Buddhist principle of impermanence, urging policymakers to prioritize ongoing transparency and public dialogue, ensuring that trust remains rooted in both empirical rigor and openness to evolving knowledge. (",0.8
7,16,-2,disease risk,"Maintaining public health measures during low-risk periods underscores the Buddhist value of mindfulness in balancing vigilance and adaptability, ensuring that proactive care remains a priority to prevent complacency and uphold long-term societal resilience. (",0.8
7,17,2,policy,"The use of financial incentives like the $50 cash card to encourage vaccination highlights the tension between pragmatic policy and ethical considerations. While such measures can address immediate barriers to access, they risk reducing public health efforts to transactional exchanges, potentially undermining the Buddhist emphasis on selfless action and collective well-being. Balancing tangible support with transparent dialogue about risks and benefits is essential to align policies with compassionate, holistic care. (",0.8
8,4,-1,disease risk,"The surge in COVID-19 cases despite high vaccination rates highlights the need for continued public health measures, such as masking and testing, to prevent healthcare systems from becoming overwhelmed, even as economic activities resume. (",0.8
8,5,-2,disease risk,"The contrast between businesses resuming operations and schools reverting to remote learning underscores the need for sector-specific public health strategies that prioritize high-risk environments, such as schools, to prevent localized outbreaks that could destabilize broader societal recovery. (",0.8
8,7,1,disease risk,"The decision to revert schools to remote learning despite declining cases suggests that high-risk environments require tailored, flexible policies to prevent localized outbreaks, emphasizing the need for adaptive strategies that balance safety with educational continuity. (",0.8
8,8,2,disease risk,"The persistence of high disease risk despite declining severe cases underscores the importance of maintaining cautious public health measures and clear communication to prevent complacency, even as communities begin to reopen. This highlights the need for policies that align with both scientific data and public perception to sustain progress. (",0.8
8,9,-3,disease risk,"The effectiveness of financial incentives, like the $50 cash card, in encouraging vaccination highlights the role of tangible rewards in overcoming hesitancy, but it also underscores the need for clear messaging about ongoing risks to avoid premature relaxation of precautions. (",0.8
8,10,1,policy,"The focus on ICU capacity as a critical metric for policy decisions highlights the need for targeted, data-driven measures rather than relying solely on overall case numbers. Even with manageable patient loads, maintaining vigilance against systemic strain ensures healthcare systems can handle unexpected surges, reinforcing the importance of adaptive strategies. (",0.8
8,11,2,news/research,"The tension between immediate vaccine efficacy and the need for long-term safety data highlights the importance of maintaining public trust through transparent communication, ensuring that enthusiasm for short-term successes does not overshadow the value of ongoing research and cautious optimism. (",0.8
8,12,-3,disease risk,"The interplay between economic recovery and public health highlights the need for phased, cautious reopenings that balance business needs with ongoing risk management, ensuring that progress does not outpace safety measures or public preparedness. (",0.8
8,13,2,disease risk,"The high efficacy of vaccines in preventing severe illness highlights the importance of focusing vaccination campaigns on high-risk groups, such as the elderly and those with comorbidities, to maximize protection and reduce healthcare system strain during potential future waves. (",0.8
8,14,-2,disease risk,"The juxtaposition of businesses reopening and rising cases highlights the need for clear, consistent communication about risk levels to prevent complacency, even when official reports suggest low danger. This ensures communities remain vigilant without undermining economic recovery. (",0.8
8,15,2,unknown,"The demand for transparency in vaccine approval underscores the need for accessible, understandable information to build trust, especially among skeptical groups, ensuring that scientific processes align with public expectations and reduce misinformation. (",0.8
8,16,-2,unknown,"The use of financial incentives, like the $50 cash card for vaccination, highlights how tangible rewards can effectively motivate hesitant individuals, particularly in older demographics, to prioritize public health without compromising personal economic interests. This approach bridges the gap between individual and collective well-being, leveraging practical benefits to reinforce trust in vaccine programs. (",0.8
8,17,3,unknown,"The evidence of lower transmission rates among vaccinated individuals underscores the critical role of vaccination in curbing community spread, reinforcing that individual health choices directly impact public health outcomes. This aligns with the importance of practical incentives while emphasizing scientific validation as a trust-building tool. (",0.8
9,2,-2,disease risk,"Even with high vaccine efficacy against severe illness, the emergence of breakthrough cases underscores the importance of maintaining hygiene and mask-wearing to curb transmission, especially in high-risk environments like service jobs. (",0.8
9,3,2,disease risk,"The manageable hospital loads despite high disease risk underscore the importance of sustained public health vigilance, as even reduced severe cases can strain systems if prevention measures wane, especially in workplaces and communities where close contact is inevitable. (",0.8
9,4,-1,unknown,"Transparent vaccine approval processes are crucial for maintaining public trust, particularly as businesses resume normal operations, ensuring that communities remain confident in the safety and effectiveness of vaccines. (",0.8
9,5,1,disease risk,"The tension between manageable hospital loads and high disease risk highlights the need for adaptive public health strategies that balance economic stability with safety, especially in service roles where exposure is frequent and community trust is vital. (",0.8
9,7,-2,disease risk,"The surge in cases despite high vaccine efficacy underscores the need for sustained public health messaging and booster campaigns, as complacency or misinformation can erode progress, even when scientific evidence supports vaccination. (",0.8
9,8,2,disease risk,"The interplay between declining cases and ongoing ICU strain highlights the necessity of flexible public health policies that adapt to localized risks rather than relying on broad, static measures. Even as restrictions ease in some areas, targeted interventions remain critical to prevent overwhelming healthcare systems, especially in service sectors where exposure is inevitable. (",0.8
9,10,-2,disease risk,"The tension between ICU strain and vaccine efficacy underscores the need for policies that balance individual responsibility with systemic support, particularly for service workers who face higher exposure risks. This reinforces that public health strategies must account for both medical data and the lived realities of vulnerable communities to avoid exacerbating disparities. (",0.8
9,11,2,policy,"The $50 cash card policy highlights how economic incentives can bridge gaps in public health compliance, but it also raises questions about whether such measures address systemic inequities faced by service workers, who often lack access to paid sick leave or healthcare. This suggests that while financial rewards may boost short-term participation, sustainable solutions require deeper structural support. (",0.8
9,17,-2,disease risk,"The interplay between economic recovery and public health highlights the need for adaptive policies that address both societal needs and ongoing health risks, ensuring that progress in normalizing operations doesn’t overshadow the importance of sustaining vaccination efforts. (",0.8
9,18,2,disease risk,"The contrast between low-risk reports and regional surges highlights the need for localized public health strategies that adapt to varying community conditions, ensuring messaging and resources address specific vulnerabilities rather than relying on generalized data. (",0.8
